{"cameraMode":{"drawMode":0,"name":"Shaded","section":"Shading Mode"},"sceneLighting":false,"audioPlay":false,"sceneViewState":{"showFog":true,"showMaterialUpdate":false,"showSkybox":true,"showFlares":true,"showImageEffects":true,"showParticleSystems":true},"in2DMode":false,"pivot":{"x":9043.2705078125,"y":4379.7705078125,"z":-2830.27783203125},"rotation":{"x":-0.011951939202845097,"y":0.9836434721946716,"z":-0.07125230133533478,"w":-0.1650022566318512},"size":457.4682312011719,"orthographic":false}