{"cameraMode":{"drawMode":0,"name":"Shaded","section":"Shading Mode"},"sceneLighting":false,"audioPlay":false,"sceneViewState":{"showFog":true,"showMaterialUpdate":false,"showSkybox":true,"showFlares":true,"showImageEffects":true,"showParticleSystems":true},"in2DMode":false,"pivot":{"x":1134.7213134765625,"y":520.6466064453125,"z":-839.4839477539063},"rotation":{"x":-0.011951939202845097,"y":0.9836434721946716,"z":-0.07125230133533478,"w":-0.1650022566318512},"size":289.09783935546877,"orthographic":false}