{"cameraMode":{"drawMode":0,"name":"Shaded","section":"Shading Mode"},"sceneLighting":false,"audioPlay":false,"sceneViewState":{"showFog":true,"showMaterialUpdate":false,"showSkybox":true,"showFlares":true,"showImageEffects":true,"showParticleSystems":true},"in2DMode":false,"pivot":{"x":-0.007978439331054688,"y":0.6246707439422607,"z":0.02492678165435791},"rotation":{"x":-0.16121806204319,"y":-0.29576346278190615,"z":0.05071454122662544,"w":-0.9401918649673462},"size":4.7231292724609379,"orthographic":false}