{"cameraMode":{"drawMode":0,"name":"Shaded","section":"Shading Mode"},"sceneLighting":true,"audioPlay":false,"sceneViewState":{"showFog":true,"showMaterialUpdate":false,"showSkybox":true,"showFlares":true,"showImageEffects":true,"showParticleSystems":true},"in2DMode":false,"pivot":{"x":429.6016845703125,"y":264.704345703125,"z":-160.02374267578126},"rotation":{"x":0.2964072823524475,"y":-0.21698637306690217,"z":0.06934552639722824,"w":0.9274970889091492},"size":193.16134643554688,"orthographic":false}