{"cameraMode":{"drawMode":0,"name":"Shaded","section":"Shading Mode"},"sceneLighting":false,"audioPlay":false,"sceneViewState":{"showFog":true,"showMaterialUpdate":false,"showSkybox":true,"showFlares":true,"showImageEffects":true,"showParticleSystems":true},"in2DMode":false,"pivot":{"x":11185.794921875,"y":4111.79443359375,"z":-2349.677734375},"rotation":{"x":-0.011951939202845097,"y":0.9836434721946716,"z":-0.07125230133533478,"w":-0.1650022566318512},"size":129.80935668945313,"orthographic":false}