{"cameraMode":{"drawMode":0,"name":"Shaded","section":"Shading Mode"},"sceneLighting":false,"audioPlay":false,"sceneViewState":{"showFog":true,"showMaterialUpdate":false,"showSkybox":true,"showFlares":true,"showImageEffects":true,"showParticleSystems":true},"in2DMode":false,"pivot":{"x":1722.560791015625,"y":994.256591796875,"z":-673.6881103515625},"rotation":{"x":-0.011951939202845097,"y":0.9836434721946716,"z":-0.07125230133533478,"w":-0.1650022566318512},"size":276.5138244628906,"orthographic":false}