{"cameraMode":{"drawMode":0,"name":"Shaded","section":"Shading Mode"},"sceneLighting":false,"audioPlay":false,"sceneViewState":{"showFog":true,"showMaterialUpdate":false,"showSkybox":true,"showFlares":true,"showImageEffects":true,"showParticleSystems":true},"in2DMode":false,"pivot":{"x":3399.31689453125,"y":2676.54638671875,"z":-2468.041748046875},"rotation":{"x":-0.011845046654343605,"y":0.9838899374008179,"z":-0.07127015292644501,"w":-0.16352659463882447},"size":94.28451538085938,"orthographic":false}