{"cameraMode":{"drawMode":0,"name":"Shaded","section":"Shading Mode"},"sceneLighting":true,"audioPlay":false,"sceneViewState":{"showFog":true,"showMaterialUpdate":false,"showSkybox":true,"showFlares":true,"showImageEffects":true,"showParticleSystems":true},"in2DMode":false,"pivot":{"x":377.84295654296877,"y":197.97689819335938,"z":-236.89515686035157},"rotation":{"x":-0.04317702725529671,"y":-0.9567369222640991,"z":0.19675195217132569,"w":-0.20994967222213746},"size":66.57929992675781,"orthographic":false}