{"cameraMode":{"drawMode":0,"name":"Shaded","section":"Shading Mode"},"sceneLighting":false,"audioPlay":false,"sceneViewState":{"showFog":true,"showMaterialUpdate":false,"showSkybox":true,"showFlares":true,"showImageEffects":true,"showParticleSystems":true},"in2DMode":false,"pivot":{"x":0.0035861730575561525,"y":0.7892625331878662,"z":-2.246975898742676},"rotation":{"x":-0.16121806204319,"y":-0.29576346278190615,"z":0.05071454122662544,"w":-0.9401918649673462},"size":4.935482978820801,"orthographic":false}