{"cameraMode":{"drawMode":0,"name":"Shaded","section":"Shading Mode"},"sceneLighting":false,"audioPlay":false,"sceneViewState":{"showFog":true,"showMaterialUpdate":false,"showSkybox":true,"showFlares":true,"showImageEffects":true,"showParticleSystems":true},"in2DMode":false,"pivot":{"x":5797.19287109375,"y":3444.89892578125,"z":-2379.022216796875},"rotation":{"x":-0.011951939202845097,"y":0.9836434721946716,"z":-0.07125230133533478,"w":-0.1650022566318512},"size":544.0089111328125,"orthographic":false}