{"cameraMode":{"drawMode":0,"name":"Shaded","section":"Shading Mode"},"sceneLighting":true,"audioPlay":false,"sceneViewState":{"showFog":true,"showMaterialUpdate":false,"showSkybox":true,"showFlares":true,"showImageEffects":true,"showParticleSystems":true},"in2DMode":false,"pivot":{"x":7127.0,"y":4389.60009765625,"z":-4061.199951171875},"rotation":{"x":-0.002929207868874073,"y":0.989628791809082,"z":-0.14198541641235352,"w":-0.021597543731331826},"size":333.88909912109377,"orthographic":false}