{"cameraMode":{"drawMode":0,"name":"Shaded","section":"Shading Mode"},"sceneLighting":false,"audioPlay":false,"sceneViewState":{"showFog":true,"showMaterialUpdate":false,"showSkybox":true,"showFlares":true,"showImageEffects":true,"showParticleSystems":true},"in2DMode":false,"pivot":{"x":0.5787264108657837,"y":0.9834119081497192,"z":-0.497751384973526},"rotation":{"x":-0.00668343435972929,"y":0.6555905342102051,"z":-0.006024644710123539,"w":-0.755062997341156},"size":2.0142295360565187,"orthographic":false}