{"cameraMode":{"drawMode":0,"name":"Shaded","section":"Shading Mode"},"sceneLighting":false,"audioPlay":false,"sceneViewState":{"showFog":true,"showMaterialUpdate":false,"showSkybox":true,"showFlares":true,"showImageEffects":true,"showParticleSystems":true},"in2DMode":false,"pivot":{"x":0.0,"y":1.0508849620819092,"z":-0.3112199902534485},"rotation":{"x":-0.08584076166152954,"y":0.7081093788146973,"z":-0.08765512704849243,"w":-0.6953626275062561},"size":4.714229583740234,"orthographic":false}