{"cameraMode":{"drawMode":0,"name":"Shaded","section":"Shading Mode"},"sceneLighting":true,"audioPlay":false,"sceneViewState":{"showFog":true,"showMaterialUpdate":false,"showSkybox":true,"showFlares":true,"showImageEffects":true,"showParticleSystems":true},"in2DMode":false,"pivot":{"x":79.66665649414063,"y":266.9636535644531,"z":473.2955322265625},"rotation":{"x":-0.03585053235292435,"y":-0.6385452151298523,"z":0.029582899063825609,"w":-0.7681794762611389},"size":47.16937255859375,"orthographic":false}